GPSID,ResSitesID,Date,StartLatDeg,StartLatDec,StartLonDeg,StartLonDec,EndLatDeg,EndLatDec,EndLonDeg,EndLonDec
1,382,2001-04-05,38,15.531,121,29.618,NA,NA,NA,NA
2,383,2001-04-09,37,59.858,121,21.979,37,59.705,121,21.751
3,384,2001-04-10,37,56.445,121,32.194,37,56.457,121,32.531
4,385,2001-04-11,38,2.809,121,31.672,38,2.874,121,31.514
5,386,2001-04-11,38,5.146,121,32.53,38,5.109,121,32.641
6,387,2001-04-16,38,8.622,121,26.672,38,8.726,121,26.354
7,388,2001-04-12,38,15.806,121,27.668,38,15.783,121,27.725
8,389,2001-04-17,38,3.416,121,47.353,38,3.651,121,47.213
9,390,2001-04-18,38,11.584,121,37.419,38,11.659,121,37.104
10,391,2001-04-19,38,16.441,121,36.139,38,16.688,121,36.022
11,392,2001-04-23,37,55.268,121,33.27,37,55.497,121,33.431
12,393,2001-04-24,38,4.093,121,38.869,38,3.805,121,38.867
13,394,2001-04-25,37,57.215,121,27.115,37,57.054,121,26.861
14,395,2001-04-26,37,54.488,121,30.83,37,54.36,121,30.75
15,415,2001-06-01,38,2.602,121,26.45,38,2.473,121,26.395
16,416,2001-06-04,38,0.42,121,34.832,38,0.152,121,34.822
17,417,2001-06-05,37,56.156,121,33.644,37,55.955,121,33.421
18,418,2001-06-07,38,10.776,121,39.755,38,10.633,121,39.667
19,419,2001-06-08,37,59.664,121,25.552,37,59.559,121,25.909
20,420,2001-06-11,38,5.54,121,29.795,38,5.44,121,30.149
21,421,2001-06-12,38,4.963,121,32.295,38,5.148,121,32.12
22,422,2001-06-14,37,47.307,121,20.725,37,47.133,121,20.488
23,423,2001-06-15,37,49.179,121,30.072,37,49.167,121,30.155
24,424,2001-06-20,38,17.053,121,30.223,38,16.861,121,29.973
25,425,2001-06-22,38,12.926,121,32.413,38,12.726,121,32.171
26,426,2001-06-25,38,12.268,121,26.588,38,12.265,121,26.226
27,427,2001-06-26,38,1.684,121,46.668,38,1.616,121,47.011
28,428,2001-06-27,38,1.591,121,43.04,38,1.479,121,43.04
29,429,2001-06-28,38,8.423,121,27.342,38,8.403,121,27.181
30,430,2001-06-28,38,8.416,121,27.524,38,8.423,121,27.342
31,436,2001-06-29,38,2.972,121,31.974,38,3.247,121,31.942
32,437,2001-05-03,38,5.68,121,35.047,38,5.905,121,35.767
33,438,2001-05-04,38,15.414,121,29.866,38,15.586,121,29.622
34,441,2001-05-07,38,3.07,121,31.394,38,3.224,121,31.298
35,442,2001-05-08,38,4.685,121,38.831,38,4.729,121,38.887
36,443,2001-05-08,38,4.116,121,49.299,38,3.947,121,48.989
37,480,2001-05-09,37,50.727,121,32.246,37,50.946,121,32.469
38,481,2001-05-10,38,4.858,121,26.713,38,5.008,121,26.541
39,482,2001-05-14,37,48.038,121,25.611,37,48.05,121,25.763
40,483,2001-05-15,38,1.211,121,27.934,38,1.001,121,27.691
41,486,2001-05-17,38,15.053,121,30.253,38,15.049,121,30.348
42,487,2001-05-17,38,15.049,121,30.348,38,15.19,121,30.285
43,488,2001-05-21,38,16.184,121,28.36,38,16.153,121,28.707
44,489,2001-05-22,38,16.981,121,38.645,38,16.781,121,38.447
45,490,2001-05-22,38,14.819,121,42.168,38,14.793,121,42.192
46,491,2001-05-22,38,14.793,121,42.263,38,14.811,121,42.192
47,492,2001-05-23,38,3.247,121,37.574,38,3.062,121,37.751
48,493,2001-05-23,37,55.689,121,33.479,37,55.448,121,33.385
49,494,2001-07-02,38,1.726,121,31.273,38,1.476,121,31.421
50,495,2001-07-05,38,4.959,121,38.967,38,4.959,121,38.828
51,496,2001-07-06,38,1.354,121,36.481,38,1.574,121,36.592
52,497,2001-07-09,38,15.366,121,28.585,38,15.156,121,28.772
53,498,2001-07-10,38,17.086,121,35.208,38,17.269,121,34.987
54,499,2001-07-11,37,57.491,121,36.254,37,57.756,121,36.253
55,500,2001-07-12,38,7.948,121,33.855,38,7.715,121,33.663
56,501,2001-07-13,37,58.783,121,19.175,37,58.851,121,19.381
57,502,2001-07-16,38,2.697,121,26.852,38,2.728,121,26.85
58,503,2001-07-16,38,2.668,121,26.99,38,2.574,121,26.93
59,504,2001-07-17,38,5.061,121,25.722,38,5.053,121,26.065
60,505,2001-07-18,37,51.887,121,19.55,37,52.13,121,19.702
61,506,2001-07-23,37,49.149,121,31.3,37,49.157,121,30.952
62,507,2001-07-25,37,55.188,121,35.411,37,55.046,121,35.584
63,508,2001-07-26,38,3.979,121,48.756,38,4.055,121,49.078
64,509,2001-08-01,38,11.787,121,27.781,38,12.012,121,27.603
65,510,2001-08-02,37,58.353,121,34.721,37,58.473,121,34.812
66,511,2001-08-03,38,9.417,121,32.101,38,9.408,121,32.142
67,512,2001-08-06,37,58.763,121,20.397,37,58.602,121,20.673
68,513,2001-08-07,38,13.643,121,30.033,38,13.5,121,30.298
69,514,2001-08-08,38,1.795,121,48.974,38,1.766,121,48.961
70,515,2001-08-09,37,52.953,121,34.475,37,52.878,121,34.529
71,516,2001-08-09,37,52.878,121,34.529,37,52.708,121,34.64
72,517,2001-08-10,37,59.908,121,29.342,38,0.115,121,29.147
73,518,2001-08-14,38,4.561,121,50.507,38,4.432,121,50.227
74,519,2001-08-15,38,12.252,121,26.242,38,12.253,121,25.897
75,520,2001-08-16,37,50.9,121,32.426,37,50.741,121,32.243
76,521,2001-08-21,38,1.804,121,34.235,38,1.884,121,34.045
77,522,2001-08-22,37,49.866,121,33.194,37,49.839,121,33.097
78,523,2001-08-22,37,49.839,121,33.097,37,49.941,121,33.006
79,524,2001-08-23,38,5.177,121,30.978,38,4.948,121,30.808
80,525,2001-08-24,38,0.145,121,26.721,38,0.049,121,26.892
81,526,2001-09-04,38,16.348,121,40.057,38,16.281,121,40.104
82,527,2001-09-04,38,16.281,121,40.104,38,16.101,121,40.198
83,528,2001-09-05,38,1.553,121,34.773,38,1.305,121,34.854
84,529,2001-09-06,38,3.501,121,32.242,38,3.621,121,32.122
85,530,2001-09-14,38,5.655,121,29.595,38,5.848,121,29.623
86,531,2001-09-17,38,6.335,121,36.12,38,6.321,121,35.794
87,532,2001-09-18,38,2.154,121,23.122,38,2.158,121,22.778
88,533,2001-09-18,38,1.978,121,22.568,38,1.966,121,22.233
89,534,2001-09-19,37,53.21,121,19.867,37,52.945,121,19.914
90,535,2001-09-20,38,14.29,121,29.916,38,14.06,121,30.07
91,536,2001-09-21,38,8.38,121,29.234,38,8.315,121,28.923
92,537,2001-09-25,37,50.045,121,18.847,37,50.245,121,18.999
93,538,2001-09-25,37,50.105,121,18.94,37,50.187,121,18.98
94,539,2001-09-26,38,0.076,121,34.744,37,59.953,121,34.69
95,540,2001-09-26,37,59.963,121,34.69,37,59.954,121,34.531
96,541,2001-09-27,38,8.405,121,41.933,38,8.328,121,41.722
97,542,2001-09-27,38,3.913,121,38.931,38,3.67,121,38.926
98,543,2001-09-27,38,3.81,121,38.932,38,3.73,121,38.93
99,544,2001-09-28,37,55.04,121,36.181,37,54.984,121,36.223
100,545,2001-10-02,37,56.706,121,20.481,37,56.538,121,20.73
101,546,2001-10-03,37,57.961,121,31.849,37,58.182,121,31.653
102,547,2001-10-04,38,5.117,121,25.005,38,5.13,121,25.023
103,548,2001-10-05,38,14.853,121,39.991,38,14.869,121,40
104,549,2001-10-09,38,23.844,121,39.317,38,26.47,121,37.78
105,550,2001-10-10,38,19.203,121,34.702,38,19.541,121,34.615
106,551,2001-10-15,37,59.016,121,18.653,37,58.831,121,18.892
107,552,2001-10-16,38,2.593,121,22.886,38,2.593,121,22.541
108,553,2001-10-17,37,54.829,121,31.182,37,54.815,121,31.121
109,554,2001-10-18,38,2.558,121,48.553,38,2.507,121,48.89
110,555,2001-10-19,38,2.088,121,35.048,38,1.872,121,34.966
111,556,2001-10-22,38,0.106,121,22.297,37,59.852,121,22.373
112,557,2001-10-24,37,52.374,121,31.516,37,52.501,121,31.216
113,558,2001-10-25,37,59.984,121,27.104,37,59.715,121,27.159
114,559,2001-10-26,38,0.772,121,27.304,38,0.626,121,27.022
115,560,2001-11-01,38,15.581,121,35.694,38,15.329,121,35.796
116,561,2001-11-02,38,10.113,121,27.949,38,10.149,121,27.62
117,562,2001-11-05,37,54.192,121,30.2,37,54.181,121,30.007
118,563,2001-11-05,37,54.181,121,30.007,37,54.195,121,29.86
119,564,2001-11-06,38,2.057,121,34.302,38,1.793,121,34.295
120,565,2001-11-07,38,8.443,121,30.134,38,8.474,121,30.238
121,566,2001-11-07,38,8.441,121,30.023,38,8.413,121,30.206
122,567,2001-11-08,38,1.044,121,39.054,38,0.886,121,38.782
123,568,2001-11-09,37,59.66,121,25.528,37,59.666,121,25
124,569,2001-11-13,38,3.004,121,27.966,38,2.974,121,27.972
125,570,2001-11-13,38,0.073,121,26.764,38,0.316,121,26.615
126,571,2001-11-14,37,52.42,121,19.875,37,52.688,121,19.924
127,572,2001-11-15,38,2.696,121,42.828,38,2.58,121,43.138
128,573,2001-11-16,38,14.325,121,36.211,38,14.058,121,36.21
129,574,2001-11-16,38,14.325,121,36.211,38,14.203,121,36.232
130,575,2001-11-19,38,16.175,121,29.875,38,16.118,121,29.809
131,576,2001-11-20,38,0.873,121,33.639,38,1.049,121,33.977
132,577,2001-11-27,37,54.893,121,31.055,37,54.854,121,31.392
133,578,2001-12-03,38,2.09,121,34.147,38,2.357,121,34.127
134,579,2001-12-03,38,2.828,121,34.8,38,2.669,121,34.586
135,580,2001-12-04,38,14.786,121,30.651,38,14.562,121,30.836
136,581,2001-12-05,37,49.153,121,32.293,37,49.15,121,32.647
137,582,2001-12-06,38,1.894,121,49.08,38,1.717,121,48.828
138,583,2001-12-07,37,57.618,121,20.216,37,57.514,121,20.661
139,584,2001-12-10,38,2.494,121,26.101,38,2.501,121,25.957
140,585,2001-12-10,38,2.501,121,25.957,38,2.537,121,26.016
141,586,2001-12-11,38,19.321,121,39.064,38,19.056,121,39.132
142,587,2001-12-12,38,2.145,121,22.878,38,2.147,121,23.21
143,588,2001-12-13,37,50.588,121,18.984,37,49.148,121,20.995
144,589,2001-12-18,38,1.384,121,46.493,38,1.512,121,46.19
145,590,2001-12-19,38,2.785,121,38.708,38,2.57,121,38.913
146,591,2001-12-21,38,5.083,121,25.516,38,5.086,121,25.863
147,592,2001-12-27,37,56.455,121,21.841,37,56.555,121,22.156
148,593,2001-12-31,37,56.521,121,33.669,37,56.676,121,33.56
149,594,2002-01-03,38,6.709,121,41.983,38,6.897,121,41.801
150,595,2002-01-04,38,1.854,121,29.879,38,1.676,121,29.93
151,596,2002-01-07,38,14.57,121,28.966,38,14.398,121,29.231
152,597,2002-01-08,37,49.511,121,33.078,37,49.406,121,33.113
153,598,2002-01-08,37,49.279,121,33.004,37,49.406,121,33.113
154,599,2002-01-09,38,13.974,121,40.239,38,13.943,121,40.182
155,600,2002-01-09,38,13.943,121,40.182,38,13.921,121,40.33
156,601,2002-01-11,37,59.658,121,25.515,37,59.664,121,25.192
157,602,2002-01-14,38,16.192,121,29.866,38,16.123,121,29.885
158,603,2002-01-14,38,16.123,121,29.885,38,16.002,121,29.87
159,604,2002-01-15,38,12.56,121,33.437,38,12.427,121,33.443
160,605,2002-01-15,38,12.427,121,33.443,38,12.289,121,33.43
161,606,2002-01-16,38,2.827,121,38.717,38,2.721,121,38.801
162,607,2002-01-16,38,2.723,121,38.837,38,2.827,121,38.717
163,608,2002-01-30,37,59.616,121,21.006,37,59.599,121,21.403
164,609,2002-01-30,37,59.594,121,21.427,37,59.606,121,21.764
165,610,2002-02-13,38,12.871,121,36.112,38,14.142,121,36.151
166,611,2002-02-13,38,17.431,121,38.457,38,17.409,121,38.637
167,612,2002-02-14,38,2.884,121,34.808,38,2.684,121,34.651
168,613,2002-02-14,37,57.748,121,34.055,37,57.713,121,33.99
169,614,2002-02-14,37,57.713,121,33.99,37,57.549,121,33.829
170,615,2002-02-15,38,58.669,121,20.624,38,58.802,121,20.328
171,616,2002-02-19,38,8.471,121,29.442,38,8.372,121,29.173
172,617,2002-02-20,38,1.513,121,46.194,38,1.392,121,46.483
173,618,2002-02-07,38,3.1,121,37.461,38,2.934,121,37.37
174,619,2002-02-08,38,2.837,121,48.579,38,3.015,121,48.693
175,620,2002-02-11,37,55.855,121,33.513,37,55.589,121,33.608
176,621,2002-02-11,37,54.852,121,31.612,37,54.853,121,31.952
177,622,2002-02-20,38,9.982,121,40.87,38,9.736,121,41.032
178,623,2002-02-21,37,49.047,121,18.92,37,49.108,121,19.106
179,624,2002-02-21,37,49.108,121,19.106,37,49.145,121,19.185
180,625,2002-02-22,38,4.34,121,23.708,37,4.339,121,24.052
181,626,2002-02-25,37,59.794,121,30.608,37,59.911,121,30.581
182,627,2002-02-25,37,56.69,121,31.737,37,57.046,121,31.482
183,628,2002-02-26,37,52.884,121,23.124,37,52.634,121,23.008
184,629,2002-02-27,37,54.925,121,30.729,37,54.756,121,30.99
185,630,2002-02-27,38,3.132,121,26.942,38,2.865,121,26.89
186,631,2002-03-05,38,10.839,121,29.484,38,10.669,121,29.761
187,632,2002-03-07,37,57.805,121,28.143,37,57.943,121,28.434
188,633,2002-03-11,38,10.785,121,39.742,38,10.696,121,39.824
189,634,2002-03-11,38,10.696,121,39.824,38,10.622,121,39.634
190,635,2002-03-12,38,3.053,121,41.948,38,3.246,121,41.702
191,636,2002-03-12,38,2.505,121,40.185,38,2.561,121,39.849
192,637,2002-03-13,38,1.748,121,29.325,38,1.968,121,29.506
193,638,2002-03-13,38,2.995,121,27.886,38,3.079,121,27.561
194,639,2002-03-14,38,10.643,121,34.768,38,10.496,121,34.821
195,640,2002-03-14,38,10.765,121,34.724,38,10.643,121,34.768
196,641,2002-03-15,37,48.018,121,18.748,37,48.282,121,18.784
197,642,2002-03-18,38,1.453,121,28.106,38,1.206,121,27.956
198,643,2002-03-19,37,48.491,121,32.379,37,48.657,121,32.656
199,644,2002-03-20,38,13.411,121,29.534,38,13.377,121,29.574
200,645,2002-03-20,38,13.377,121,29.574,38,13.276,121,29.695
201,646,2002-03-20,38,13.276,121,29.695,38,13.227,121,29.776
202,647,2002-03-21,38,3.27,121,35.04,38,3.105,121,34.997
203,648,2002-03-25,37,59.599,121,21.076,37,59.71,121,21.021
204,649,2002-03-27,37,47.65,121,31.134,37,47.452,121,30.909
205,650,2002-04-04,38,0.955,121,30.973,38,1.218,121,30.901
206,651,2002-04-04,38,3.24,121,31.94,38,2.96,121,31.982
207,652,2002-04-04,38,2.569,121,28.748,38,2.787,121,28.578
208,653,2002-04-08,38,2.379,121,26.255,38,2.406,121,26.617
209,654,2002-04-09,38,3.003,121,48.339,38,2.908,121,48.475
210,655,2002-04-15,38,12.251,121,26.838,38,12.251,121,26.497
211,656,2002-04-16,38,10.868,121,34.647,38,10.894,121,34.43
212,657,2002-04-18,38,18.329,121,39.188,38,18.081,121,39.248
213,658,2002-04-22,37,51.234,121,19.273,37,51.379,121,19.197
214,659,2002-04-22,37,51.379,121,19.25,37,19.197,121,51.423
215,660,2002-04-23,38,1.248,121,34.808,38,0.981,121,34.819
216,661,2002-04-23,38,0.89,121,36.598,38,0.771,121,36.796
217,662,2002-04-23,38,0.771,121,36.796,38,0.718,121,36.867
218,663,2002-04-25,38,6.344,121,43.33,38,6.527,121,43.061
219,664,2002-04-29,37,57.761,121,19.665,37,57.673,121,19.987
220,665,2002-05-01,38,6.315,121,29.483,38,6.299,121,29.349
221,666,2002-05-08,38,6.708,121,42.814,38,6.467,121,43.168
222,667,2002-05-09,37,54.358,121,36.643,37,54.492,121,36.538
223,668,2002-05-09,37,54.492,121,36.538,37,54.596,121,36.498
224,669,2002-05-13,37,59.87,121,24.376,37,59.94,121,24.293
225,670,2002-05-13,37,59.94,121,24.293,38,0.06,121,24.169
226,671,2002-05-13,38,4.369,121,30.189,38,4.641,121,30.153
227,672,2002-05-14,38,19.041,121,40.047,38,19.304,121,40.047
228,673,2002-05-16,38,16.018,121,29.838,38,16.037,121,29.733
229,674,2002-05-21,38,3.164,121,50.042,38,2.892,121,50.059
230,675,2002-05-22,37,48.091,121,26.891,37,48.148,121,26.862
231,677,2002-04-30,37,50.259,121,22.844,37,50.066,121,23.075
232,678,2002-04-30,37,49.22,121,28.326,37,49.221,121,27.99
233,679,2002-05-30,38,0.642,121,33.103,38,0.601,121,33.192
234,680,2002-05-30,37,58.193,121,31.563,37,58.02,121,31.828
235,681,2002-05-30,37,55.634,121,31.556,37,55.489,121,31.552
236,682,2002-05-30,37,55.489,121,31.552,37,55.388,121,31.483
237,683,2002-05-31,38,14.901,121,42.453,38,15.046,121,42.744
238,684,2002-06-03,38,11.807,121,39.5,38,12.077,121,39.537
239,685,2002-06-03,38,14.437,121,41.073,38,14.503,121,40.913
240,686,2002-06-04,38,1.965,121,29.507,38,2.19,121,29.42
241,687,2002-06-04,38,5.161,121,32.239,38,5.161,121,32.239
242,688,2002-06-04,38,2.029,121,34.307,38,2.303,121,34.282
243,689,2002-06-04,38,0.153,121,27.109,38,0.071,121,27.198
244,690,2002-06-05,38,2.92,121,42.34,38,3,121,42.126
245,691,2002-06-05,38,2.862,121,42.425,38,2.92,121,42.39
246,692,2002-06-05,38,4.76,121,44.908,38,4.952,121,44.535
247,693,2002-06-06,38,1.28,121,23.273,38,1.011,121,23.251
248,694,2002-06-06,38,1.83,121,24.223,38,1.711,121,24.188
249,695,2002-06-06,38,0.186,121,23.921,38,0.344,121,23.635
250,696,2002-06-10,37,48.133,121,22.185,37,48.101,121,22.47
251,697,2002-06-17,37,54.082,121,19.574,37,53.806,121,19.668
252,698,2002-06-12,38,5.105,121,25.203,38,4.922,121,24.979
253,699,2002-06-28,37,55.849,121,33.51,37,55.585,121,33.609
254,700,2002-07-02,38,4.889,121,32.419,38,5.056,121,32.665
255,701,2002-07-03,38,3.103,121,31.359,38,3.181,121,31.214
256,702,2002-07-08,37,58.81,121,20.006,37,58.9,121,19.679
257,703,2002-07-10,38,3.374,121,48.844,38,3.477,121,49.16
258,704,2002-07-11,38,16.525,121,29.727,38,16.198,121,29.752
259,705,2002-07-12,38,13.202,121,29.804,38,13.371,121,29.544
260,706,2002-07-15,38,3.22,121,38.567,38,3.142,121,38.248
261,707,2002-07-17,37,58.328,121,35.412,37,58.297,121,35.265
262,708,2002-07-18,38,11.669,121,28.644,38,11.481,121,28.891
263,709,2002-07-19,37,51.78,121,33.001,37,51.127,121,33.721
264,710,2002-07-22,37,52.076,121,34.502,37,52.248,121,34.756
265,711,2002-07-26,37,49.047,121,21.516,37,49.167,121,21.785
266,712,2002-07-29,38,19.947,121,40.018,38,19.68,121,40.018
267,713,2002-07-30,38,5.489,121,44.556,38,5.661,121,44.274
268,714,2002-07-31,38,16.97,121,38.612,38,16.765,121,38.401
269,715,2002-08-01,38,10.845,121,35.207,38,11.052,121,35.034
270,716,2002-08-02,38,0.075,121,22.26,37,59.842,121,22.291
271,717,2002-08-05,38,5.213,121,24.091,38,5.218,121,24.434
272,718,2002-08-07,38,2.135,121,29.879,38,2.285,121,30.158
273,719,2002-08-09,38,12.663,121,30.341,38,12.444,121,30.523
274,720,2002-08-09,38,12.209,121,28.716,38,11.996,121,28.6
275,721,2002-08-12,37,49.215,121,32.921,37,49.208,121,32.688
276,722,2002-08-12,37,49.272,121,32.997,37,49.215,121,32.921
277,723,2002-08-13,38,5.654,121,44.295,38,5.837,121,44.062
278,724,2002-08-14,38,4.772,121,26.874,38,4.913,121,26.688
279,725,2002-08-16,38,1.959,121,43.141,38,1.981,121,42.808
280,726,2002-08-20,38,3.477,121,32.167,38,3.517,121,32.349
281,727,2002-08-22,38,5.458,121,31.909,38,3.478,121,32.168
282,728,2002-08-27,37,59.952,121,34.522,38,0.089,121,34.745
283,729,2002-08-28,37,47.968,121,31.452,37,48.084,121,31.711
284,730,2002-09-03,37,55.907,121,33.377,37,56.09,121,33.579
285,731,2002-12-02,38,11.636,121,38.103,38,11.481,121,38.382
286,732,2002-12-02,38,1.936,121,46.856,38,1.657,121,46.989
287,733,2002-12-03,37,46.937,121,29.353,37,46.956,121,29.581
288,734,2002-05-23,38,2.538,121,37.706,38,2.292,121,37.551
289,735,2002-05-23,38,2.531,121,26.929,38,2.378,121,26.641
290,736,2002-12-04,38,12.77,121,29.711,38,12.564,121,29.501
291,737,2002-12-04,38,16.206,121,27.53,38,16.2,121,27.423
292,738,2002-12-04,38,16.2,121,27.423,38,16.204,121,27.338
293,739,2002-12-05,38,0.205,121,34.034,38,0.301,121,33.781
294,740,2002-12-06,38,6.168,121,29.3,38,6.079,121,29.288
295,741,2002-12-06,38,6.079,121,29.288,38,6.006,121,29.324
296,742,2002-12-06,38,6.006,121,29.324,38,6.017,121,29.409
297,743,2002-12-06,38,2.706,121,23.496,38,2.706,121,23.496
298,744,2002-12-09,38,1.476,121,43.277,38,1.349,121,42.985
299,745,2002-12-10,38,19.955,121,34.311,38,19.742,121,34.507
300,746,2002-12-12,37,53.315,121,19.788,37,53.565,121,19.688
301,747,2002-12-13,38,2.34,121,34.168,38,2.572,121,34.326
302,748,2002-12-16,38,0.612,121,33.083,38,0.656,121,33.14
303,749,2002-12-17,37,58.667,121,30.948,37,58.658,121,30.786
304,750,2002-12-18,37,48.307,121,23.375,37,48.317,121,23.599
305,751,2003-01-06,37,48.141,121,24.163,37,48.103,121,34.501
306,752,2003-01-06,37,48.864,121,22.905,37,48.661,121,23.128
307,753,2003-01-07,37,56.951,121,21.85,37,56.563,121,22.163
308,754,2003-01-07,37,55.071,121,35.579,37,55.22,121,35.403
309,755,2003-01-08,38,14.986,121,40.31,38,15.242,121,40.23
310,756,2003-01-08,38,19.311,121,39.206,38,19.576,121,39.146
311,757,2003-01-09,38,2.085,121,28.635,38,2.09,121,28.324
312,758,2003-01-09,38,5.391,121,31.847,38,5.391,121,31.847
313,759,2003-01-13,37,58.027,121,22.949,37,57.826,121,22.712
314,760,2003-01-13,38,0.39,121,23.251,38,0.229,121,23.52
315,761,2003-01-13,38,1.09,121,23.812,38,1.226,121,24.113
316,762,2003-01-14,38,11.17,121,33.515,38,11.01,121,33.793
317,763,2003-01-14,38,10.924,121,29.462,38,10.678,121,29.592
318,764,2003-01-15,38,4.143,121,28.169,38,4.159,121,28.231
319,765,2003-01-15,38,4.078,121,28.06,38,4.252,121,28.285
320,766,2003-01-16,38,5.539,121,40.247,38,5.47,121,40.571
321,767,2003-01-16,38,0.513,121,44.439,38,0.658,121,44.623
322,768,2003-01-16,38,0.682,121,39.398,38,0.564,121,39.095
323,769,2003-01-17,38,0.049,121,33.334,37,59.894,121,33.048
324,770,2003-01-17,38,0.196,121,33.128,38,0.154,121,33.227
325,771,2003-01-24,38,2.751,121,28.052,38,2.851,121,28.042
326,772,2003-02-04,37,52.839,121,34.476,37,53.1,121,34.468
327,773,2003-02-05,38,14.649,121,30.75,38,14.933,121,30.612
328,774,2003-02-06,38,3.455,121,40.031,38,3.473,121,39.689
329,775,2003-02-06,38,6.365,121,36.809,38,6.479,121,36.54
330,776,2003-02-07,38,3.895,121,27.552,38,3.776,121,27.531
331,777,2003-02-07,38,2.485,121,26.127,38,2.569,121,26.005
332,778,2003-02-10,37,55.372,121,19.418,37,55.198,121,19.164
333,779,2003-02-11,38,14.484,121,39.838,NA,NA,NA,NA
334,780,2003-02-13,38,0.823,121,22.244,38,0.562,121,22.227
335,781,2003-02-14,37,55.291,121,35.465,37,55.212,121,35.169
336,782,2003-02-14,37,55.1,121,36.74,37,55.086,121,36.554
337,783,2003-02-14,37,55.086,121,36.554,37,55.088,121,36.406
338,784,2003-02-19,38,4.713,121,30.534,38,4.894,121,30.731
339,785,2002-02-19,38,1.672,121,29.954,38,1.758,121,29.693
340,786,2003-02-20,37,56.8,121,32.104,37,57.05,121,32.033
341,787,2003-02-20,38,1.659,121,34.831,38,1.399,121,34.882
342,788,2003-02-21,38,1.578,121,48.488,38,1.484,121,48.181
343,789,2003-02-21,38,4.152,121,49.374,38,3.999,121,48.979
344,790,2003-02-24,38,7.926,121,33.934,38,7.926,121,33.934
345,791,2003-02-24,38,8.492,121,26.936,NA,NA,NA,NA
346,792,2003-02-25,38,16.04,121,27.708,38,16.202,121,27.707
347,793,2003-03-04,37,58.546,121,20.771,37,58.735,121,20.53
348,794,2003-03-05,38,5.254,121,33.531,38,5.254,121,33.844
349,795,2003-03-05,38,3.802,121,35.994,38,3.87,121,35.687
350,796,2003-03-06,38,11.587,121,37.685,38,11.569,121,37.357
351,797,2003-03-06,38,11.551,121,37.543,38,11.566,121,37.396
352,798,2003-03-06,38,16.112,121,41.989,38,16.329,121,42.2
353,799,2003-03-07,38,2.51,121,48.658,38,2.51,121,48.658
354,800,2003-03-07,38,1.83,121,47.603,38,1.991,121,47.529
355,801,2003-03-10,37,59.349,121,24.157,37,59.447,121,24.371
356,802,2003-03-11,37,53.084,121,29.098,37,53.117,121,28.764
357,803,2003-03-11,37,53.147,121,26.763,37,53.004,121,27.03
358,804,2003-03-12,37,56.775,121,20.4,37,56.907,121,20.178
359,805,2003-03-12,37,56.907,121,20.178,37,56.982,121,20.143
360,806,2003-03-13,38,0.448,121,30.682,38,0.378,121,30.847
361,807,2003-03-14,38,1.963,121,22.121,38,1.967,121,22.472
362,808,2003-03-17,38,10.132,121,28.141,38,10.088,121,28.428
363,809,2003-03-19,38,5.18,121,24.956,38,4.933,121,24.919
364,810,2003-03-20,38,2.317,121,26.327,38,2.475,121,26.055
365,811,2003-03-21,37,49.219,121,29.35,37,49.212,121,29.688
366,812,2003-03-24,38,13.441,121,22.154,38,13.622,121,31.913
367,813,2003-03-25,38,1.954,121,49.556,38,2.019,121,49.425
368,814,2003-03-25,37,59.117,121,37.415,37,58.849,121,37.39
369,815,2003-04-02,37,58.504,121,20.809,37,58.698,121,20.576
370,816,2003-04-02,38,2.799,121,28.122,38,2.994,121,27.878
371,817,2003-04-03,37,55.326,121,31.227,37,55.288,121,31.067
372,818,2003-04-03,37,55.366,121,31.396,37,55.326,121,31.227
373,819,2003-04-03,37,51.177,121,33.697,37,51.444,121,33.69
374,820,2003-04-04,38,5.525,121,29.223,38,5.572,121,29.267
375,821,2003-04-04,38,5.426,121,29.393,38,5.525,121,29.223
376,822,2003-04-07,37,59.528,121,30.368,37,59.743,121,30.352
377,823,2003-04-07,37,58.952,121,31.896,37,59.046,121,31.714
378,824,2003-04-08,38,1.679,121,47.328,38,1.919,121,47.31
379,825,2003-04-08,38,1.92,121,48.521,38,2.083,121,48.38
380,826,2003-04-08,38,3.383,121,41.479,38,3.577,121,41.243
381,827,2003-04-09,38,1.015,121,27.42,38,1.159,121,27.733
382,828,2003-04-09,38,1.965,121,34.822,38,2.227,121,34.979
383,830,2003-04-09,37,59.782,121,34.674,37,59.568,121,34.727
384,831,2003-04-10,38,2.569,121,25.633,38,2.636,121,25.989
385,832,2003-04-10,38,5.133,121,25.189,38,5.115,121,25.514
386,833,2003-04-14,37,50.823,121,32.2,37,50.981,121,32.267
387,834,2003-04-14,37,51.364,121,33.849,37,51.29,121,33.694
388,835,2003-04-15,38,13.479,121,32.11,38,13.404,121,32.442
389,836,2003-04-16,38,14.113,121,40.341,38,14.226,121,40.301
390,837,2003-04-23,38,12.7,121,33.492,38,12.42,121,33.486
391,838,2003-05-01,38,0.98,121,27.734,38,1.186,121,27.949
392,839,2003-05-05,38,16.558,121,27.187,38,16.724,121,27.016
393,840,2003-05-05,38,15.727,121,29.643,38,15.524,121,29.686
394,841,2003-05-06,38,2.657,121,25.42,38,2.408,121,26.694
395,842,2003-05-06,38,5.022,121,26.198,38,5.002,121,26.542
396,843,2003-05-07,37,48.047,121,26.08,37,47.907,121,25.984
397,844,2003-05-08,37,54.7,121,31.103,37,54.48,121,30.878
398,845,2003-05-08,37,56.231,121,31.961,37,56.055,121,31.716
399,846,2003-05-09,37,59.38,121,24.231,37,59.449,121,24.206
400,847,2003-05-12,38,3.128,121,37.459,38,2.877,121,37.327
401,848,2003-05-12,38,3.407,121,37.306,38,3.506,121,37.092
402,849,2003-05-13,37,57.355,121,31.762,37,57.139,121,31.962
403,850,2003-05-15,37,54.799,121,33.841,37,54.529,121,33.97
404,851,2003-05-16,38,17.785,121,34.904,38,17.525,121,34.987
405,852,2003-05-19,38,14.851,121,40.273,38,14.594,121,40.368
406,853,2003-05-19,38,14.286,121,41.111,38,14.036,121,40.918
407,854,2003-05-20,38,17.82,121,39.58,38,18.09,121,39.51
408,855,2003-05-21,38,5.195,121,24.957,38,5.231,121,24.602
409,856,2003-05-29,38,1.551,121,48.467,38,1.671,121,48.78
410,857,2003-05-29,38,2.212,121,46.789,38,2.043,121,46.533
411,858,2003-05-30,38,1.149,121,44.529,38,0.978,121,44.254
412,859,2003-06-03,38,2.147,121,29.881,38,2.285,121,30.167
413,860,2003-06-03,38,5.4,121,30.156,38,5.405,121,29.945
414,861,2003-06-04,37,58.802,121,23.007,37,58.984,121,23.337
415,862,2003-06-05,37,57.768,121,32.005,37,57.507,121,31.892
416,863,2003-06-05,37,57.646,121,31.806,37,57.417,121,31.621
417,864,2003-06-09,37,56.109,121,31.61,37,56.834,121,31.607
418,865,2003-06-10,37,49.189,121,28.87,37,49.187,121,29.222
419,866,2003-06-10,37,49.135,121,29.612,37,49.127,121,29.99
420,867,2003-06-11,38,2.517,121,25.61,38,2.603,121,25.642
421,868,2003-06-11,38,2.603,121,25.642,38,2.536,121,25.488
422,869,2003-06-12,37,48.673,121,23.024,37,48.603,121,23.355
423,870,2003-06-16,38,10.469,121,29.789,38,10.181,121,29.711
424,871,2003-06-16,38,8.458,121,28.064,38,8.563,121,28.386
425,872,2003-06-17,38,1.145,121,23.194,38,1.373,121,23.378
426,873,2003-06-17,38,2.709,121,23.345,38,2.709,121,23.694
427,874,2003-06-18,38,11.46,121,31.617,38,11.204,121,31.502
428,875,2003-06-18,38,13.674,121,30.614,38,13.48,121,30.36
429,876,2003-06-19,38,17.803,121,34.807,38,17.769,121,34.896
430,877,2003-06-20,38,2.938,121,49.106,38,2.726,121,48.887
431,878,2003-06-24,38,0.903,121,41.387,38,0.691,121,41.634
432,879,2003-06-24,38,0.454,121,40.078,38,0.664,121,40.309
433,880,2003-07-01,37,57.817,121,28.148,37,58.005,121,27.95
434,881,2003-07-01,38,0.036,121,31.388,37,59.949,121,31.518
435,882,2003-07-02,38,5.085,121,25.877,38,5.089,121,25.526
436,883,2003-07-02,38,4.339,121,24.393,38,4.336,121,24.739
437,884,2003-07-03,38,1.309,121,31.21,38,1.382,121,31.54
438,885,2003-07-07,38,4.818,121,41.075,38,5.083,121,41.159
439,886,2003-07-07,38,6.192,121,42.346,38,6.306,121,24.025
440,887,2003-07-08,38,3.292,121,47.145,38,3.359,121,47.404
441,888,2003-07-09,38,8.441,121,29.927,38,8.462,121,30.268
442,889,2003-07-09,38,12.78,121,29.71,38,13.016,121,29.9
443,890,2003-07-10,38,1.586,121,23.969,38,1.721,121,24.265
444,891,2003-07-11,38,1.376,121,30.845,38,1.489,121,30.536
445,892,2003-07-11,38,1.883,121,35.043,38,1.367,121,30.83
446,893,2003-07-14,37,53,121,30.032,37,52.679,121,30.338
447,894,2003-07-15,38,18.023,121,41.539,38,17.74,121,41.543
448,895,2003-07-15,38,10.997,121,39.077,38,11.096,121,38.752
449,896,2003-07-17,38,10.227,121,34.853,38,9.98,121,34.99
450,897,2003-07-21,37,54.799,121,33.651,37,54.811,121,33.655
451,898,2003-07-23,37,56.609,121,22.192,37,56.806,121,22.298
452,899,2003-07-22,37,48.767,121,25.009,37,48.598,121,24.75
453,900,2003-07-31,38,2.655,121,25.346,38,2.831,121,25.186
454,901,2003-07-31,38,2.405,121,23.18,38,2.161,121,23.122
455,902,2003-08-01,38,3.527,121,32.243,38,3.641,121,32.104
456,903,2003-08-01,38,5.149,121,34.016,38,5.313,121,33.735
457,904,2003-08-01,38,3.728,121,36.557,38,3.811,121,36.882
458,905,2003-08-04,38,10.047,121,29.246,38,9.956,121,29.005
459,906,2003-08-04,38,16.053,121,30.12,38,16.185,121,29.888
460,907,2003-08-04,38,16.482,121,32.462,38,16.313,121,32.214
461,908,2003-08-04,38,15.439,121,27.395,38,15.283,121,27.082
462,909,2003-08-05,37,55.973,121,36.327,37,56.044,121,36.562
463,910,2003-08-05,37,54.315,121,36.647,37,54.463,121,36.549
464,911,2003-08-05,37,56.446,121,33.818,37,56.408,121,33.853
465,912,2003-08-06,38,11.564,121,37.379,38,11.653,121,37.063
466,913,2003-08-06,38,11.487,121,38.368,38,11.633,121,38.084
467,914,2003-08-07,38,1.961,121,44.252,38,2.112,121,43.96
468,915,2003-08-07,38,2.215,121,46.799,38,2.143,121,47.01
469,916,2003-08-07,38,2.06,121,48.344,38,1.831,121,48.191
470,917,2003-08-21,37,58.362,121,34.701,37,58.47,121,34.829
471,918,2003-08-21,38,0.695,121,33.96,38,0.618,121,34.265
472,919,2003-08-28,37,52.878,121,30.318,37,53.015,121,30.014
473,920,2003-11-06,38,0.519,121,32.674,38,0.484,121,33.028
474,922,2003-11-06,37,57.503,121,20.628,37,57.593,121,20.299
475,923,2003-11-07,38,1.991,121,22.568,38,1.965,121,22.236
476,924,2003-11-07,38,2.604,121,22.207,38,2.6,121,22.581
477,925,2003-11-12,38,2.155,121,29.633,38,2.339,121,29.84
478,926,2003-11-12,38,2.978,121,31.176,38,2.75,121,31.362
479,927,2003-11-13,38,1.258,121,34.877,38,0.996,121,34.872
480,928,2003-11-13,38,1.54,121,34.984,38,1.749,121,34.937
481,929,2003-11-14,38,7.181,121,32.338,38,7.11,121,32.679
482,930,2003-11-14,38,16.182,121,28.387,38,16.17,121,28.047
483,931,2003-11-17,38,3.969,121,48.784,38,4.061,121,49.126
484,932,2003-11-17,38,6.49,121,42.003,38,6.362,121,41.734
485,933,2003-11-18,38,13.781,121,36.216,38,14.057,121,36.213
486,934,2003-11-18,38,13.296,121,36.19,38,13.166,121,36.248
487,935,2003-11-18,38,13.166,121,36.248,38,13.042,121,36.335
488,936,2003-11-20,38,3.824,121,38.864,38,4.096,121,38.87
489,937,2003-11-24,37,52.853,121,23.105,37,52.487,121,23.098
490,938,2003-11-24,37,53.084,121,29.082,37,53.255,121,29.201
491,939,2003-11-25,37,52.89,121,27.9,37,52.997,121,26.147
492,940,2003-11-25,37,48.055,121,25.329,37,48.307,121,25.18
493,941,2003-12-01,38,11.755,121,27.793,38,11.925,121,27.6
494,942,2003-12-02,37,57.088,121,19.189,37,57.119,121,18.866
495,943,2003-12-02,38,0.068,121,24.168,38,0.183,121,23.906
496,944,2003-12-02,38,2.317,121,26.362,38,2.474,121,26.053
497,945,2003-12-03,38,2.037,121,31.223,38,2.39,121,31.35
498,946,2003-12-03,38,3.64,121,32.057,38,3.881,121,31.948
499,947,2003-12-03,38,4.024,121,32.098,38,3.857,121,32.387
500,948,2003-12-04,38,4.658,121,46.213,38,4.808,121,45.923
501,949,2003-12-05,38,10.098,121,27.929,38,10.121,121,28.23
502,950,2003-12-08,38,0.811,121,39.951,38,0.452,121,32.976
503,951,2003-12-08,38,2.446,121,40.294,38,2.512,121,39.945
504,952,2003-12-10,38,10.858,121,31.573,38,10.596,121,31.533
505,953,2003-12-11,37,58.278,121,31.908,37,58.229,121,32.233
506,954,2003-12-11,37,57.119,121,33.652,37,56.885,121,33.473
507,955,2003-12-12,38,11.652,121,37.445,38,11.665,121,37.634
508,956,2003-12-12,38,11.665,121,37.634,38,11.684,121,37.786
509,957,2003-12-15,38,13.446,121,32.118,38,13.401,121,32.457
510,958,2003-12-16,37,54.742,121,33.817,37,54.56,121,33.935
511,959,2003-12-17,37,47.816,121,28.109,37,47.599,121,28.306
512,960,2003-12-19,37,48.598,121,19.56,37,48.66,121,19.281
513,961,2003-12-22,37,47.843,121,21.964,37,47.792,121,21.756
514,962,2004-01-05,38,2.293,121,46.973,38,1.142,121,44.524
515,963,2004-01-05,38,2.258,121,46.963,38,2.049,121,46.985
516,964,2004-01-06,38,15.463,121,39.136,38,15.725,121,39.076
517,965,2004-01-06,38,14.054,121,36.202,38,13.797,121,36.206
518,966,2004-01-07,38,4.854,121,43.445,38,4.906,121,43.102
519,967,2004-01-08,37,49.176,121,29.708,37,49.179,121,30.052
520,968,2004-01-08,37,49.127,121,31.987,37,49.13,121,31.648
521,969,2004-01-12,38,2.794,121,34.757,38,3.28,121,34.778
522,970,2004-01-13,38,0.569,121,27.564,38,0.32,121,26.949
523,971,2004-01-13,37,59.912,121,27.031,37,59.914,121,26.964
524,972,2004-01-13,37,59.914,121,26.964,37,59.824,121,26.84
525,974,2004-01-13,37,59.842,121,26.84,37,59.812,121,26.745
526,975,2004-01-13,37,59.812,121,26.745,37,59.746,121,26.816
527,976,2004-01-15,37,53.343,121,25.047,37,53.262,121,24.767
528,977,2004-01-16,38,1.394,121,30.758,38,1.445,121,30.669
529,978,2004-01-22,38,1.623,121,23.824,38,1.782,121,24.091
530,979,2004-01-14,38,5.767,121,33.969,38,6.085,121,33.584
531,980,2004-01-20,38,16.221,121,29.872,38,15.966,121,29.858
532,981,2004-01-20,38,16.325,121,29.681,38,16.609,121,29.704
533,982,2004-01-27,37,59.839,121,21.986,37,59.733,121,22.082
534,983,2004-01-27,38,0.479,121,23.408,38,0.325,121,23.677
535,984,2004-01-30,37,49.308,121,19.082,37,49.491,121,18.837
536,985,2004-02-03,38,0.037,121,30.939,38,0.16,121,31.245
537,986,2004-02-04,38,3.702,121,33.667,38,3.489,121,33.477
538,987,2004-02-04,38,4.138,121,33.922,38,3.941,121,33.714
539,988,2004-02-05,38,1.552,121,28.733,38,1.563,121,28.998
540,989,2004-02-05,38,2.811,121,31.298,38,2.588,121,31.489
541,990,2004-02-06,38,15.897,121,27.693,38,16.065,121,27.757
542,991,2004-02-06,38,15.061,121,29.868,38,15.327,121,29.915
543,992,2004-02-09,38,0.733,121,38.825,38,0.727,121,39.172
544,993,2004-02-10,38,4.444,121,38.911,38,4.717,121,38.909
545,994,2004-02-11,38,2.684,121,23.362,38,2.486,121,23.196
546,995,2004-02-17,38,8.609,121,26.581,38,8.444,121,26.859
547,996,2004-02-17,38,7.081,121,32.532,38,7.057,121,32.737
548,997,2004-02-17,38,7.057,121,32.737,38,7.097,121,32.609
549,998,2004-02-19,38,16.922,121,32.895,38,16.734,121,32.651
550,999,2004-02-20,37,59.445,121,20.891,37,59.693,121,21.016
551,1000,2004-02-23,38,3.013,121,48.379,38,3.092,121,48.142
552,1001,2004-02-23,38,13.512,121,30.471,38,13.715,121,30.699
553,1002,2004-02-24,37,49.173,121,32.081,37,49.173,121,31.734
554,1003,2004-02-24,37,51.028,121,32.162,37,50.95,121,32.347
555,1004,2004-02-26,37,47.676,121,25.645,37,47.913,121,25.46
556,1005,2004-02-26,37,51.524,121,33.049,37,51.27,121,32.922
557,1006,2004-03-02,37,48.07,121,26.194,37,47.91,121,26.087
558,1007,2004-03-02,37,49.126,121,30.971,37,49.133,121,30.624
559,1008,2004-03-04,37,54.066,121,34.076,37,53.819,121,33.935
560,1009,2004-03-04,38,4.465,121,49.894,38,4.427,121,49.953
561,1010,2004-03-04,38,1.573,121,49.209,38,1.413,121,48.917
562,1011,2004-03-09,38,7.087,121,31.996,38,7.046,121,32.331
563,1012,2004-03-11,38,7.538,121,33.606,38,0.519,121,32.674
564,1013,2004-03-15,38,10.27,121,40.094,38,10.183,121,40.207
565,1014,2004-03-15,38,10.357,121,39.965,38,10.27,121,40.094
566,1015,2004-03-16,38,20.427,121,39.454,38,20.701,121,39.438
567,1016,2004-03-17,38,0.446,121,30.692,38,0.339,121,30.642
568,1017,2004-03-18,38,5.635,121,35.255,38,5.723,121,35.535
569,1018,2004-03-18,38,6.423,121,35.978,38,6.492,121,36.307
570,1019,2004-03-08,37,54.813,121,31.051,37,57.728,121,31.018
571,1020,2004-03-22,38,0.158,121,34.413,38,0.166,121,34.142
572,1021,2004-03-22,38,0.267,121,34.358,NA,NA,NA,NA
573,1022,2004-03-23,38,17.046,121,30.221,38,16.856,121,29.965
574,1023,2004-03-24,38,2.62,121,25.192,38,2.561,121,26.484
575,1024,2004-03-26,37,59.713,121,22.055,37,59.592,121,21.725
576,1025,2004-03-26,38,1.121,121,23.196,38,1.344,121,23.302
577,1026,2004-03-29,38,3.209,121,27.203,38,3.263,121,27.546
578,1027,2004-06-16,38,5.014,121,33.479,38,5.178,121,33.377
579,1028,2004-06-17,38,12.648,121,36.461,38,12.695,121,36.459
580,1029,2004-06-18,38,7.145,121,33.636,38,6.973,121,33.327
581,1030,2004-06-18,38,4.792,121,34.022,38,4.569,121,33.744
582,1031,2004-06-18,38,3.603,121,36.241,38,3.509,121,36.568
583,1032,2004-06-21,37,57.277,121,36.605,37,57.268,121,33.944
584,1033,2004-06-27,37,59.733,121,34.71,37,59.576,121,34.715
585,1034,2004-06-22,38,1.954,121,43.794,38,1.98,121,42.794
586,1035,2004-06-22,38,1.933,121,46.425,38,2.137,121,46.639
587,1036,2004-06-23,38,2.561,121,25.76,38,2.561,121,25.76
588,1037,2004-06-23,38,0.968,121,23.212,38,1.206,121,23.266
589,1038,2004-06-24,37,56.454,121,32.882,37,56.454,121,32.539
590,1039,2004-06-24,37,56.533,121,33.576,37,56.76,121,33.423
591,1040,2004-06-28,38,4.745,121,44.854,38,4.813,121,44.79
592,1041,2004-06-28,38,9.818,121,36.212,38,9.982,121,35.915
593,1042,2004-06-29,37,47.665,121,25.673,37,47.883,121,25.475
594,1043,2004-06-29,37,54.309,121,36.655,37,54.466,121,36.544
595,1044,2004-06-30,38,13.403,121,29.513,38,13.325,121,29.537
596,1045,2004-06-30,38,13.355,121,29.599,38,13.213,121,29.88
597,1046,2004-06-30,38,12.196,121,27.516,38,11.956,121,27.594
598,1047,2004-07-02,37,59.759,121,26.756,37,59.699,121,26.477
599,1048,2004-07-06,38,10.473,121,34.811,38,10.761,121,34.718
600,1049,2004-07-07,38,19.241,121,35.434,38,18.984,121,35.498
601,1050,2004-07-08,37,59.659,121,21.435,37,59.678,121,21.776
602,1051,2004-07-14,37,57.196,121,19.254,37,57.168,121,19.598
603,1052,2004-07-15,37,59.051,121,31.733,37,59.139,121,32.04
604,1053,2004-07-15,38,0.676,121,33.16,38,0.616,121,33.082
605,1054,2004-07-16,38,12.235,121,27.564,38,12.018,121,27.633
606,1055,2004-07-20,38,4.213,121,25.059,38,3.952,121,25.063
607,1056,2004-07-20,38,3.564,121,27.507,38,3.835,121,27.503
608,1057,2004-07-22,38,15.049,121,42.742,38,15.046,121,43.022
609,1059,2004-07-23,38,5.391,121,31.851,38,5.391,121,31.851
610,1060,2004-07-23,38,1.794,121,34.84,38,1.794,121,34.84
611,1061,2004-07-26,37,47.973,121,31.366,37,47.724,121,31.189
612,1062,2004-07-26,37,49.575,121,33.116,37,49.766,121,33.206
613,1063,2004-07-27,37,49.176,121,29.702,37,49.184,121,29.356
614,1064,2004-07-27,37,56.069,121,31.589,37,56.241,121,31.834
615,1065,2004-07-28,38,6.649,121,41.045,38,6.427,121,41.104
616,1066,2004-07-29,38,1.478,121,43.282,38,1.35,121,42.985
617,1067,2004-07-29,38,1.579,121,41.987,38,1.59,121,41.645
618,1068,2004-08-03,38,3.762,121,48.214,38,3.854,121,48.512
619,1069,2004-08-05,37,55.031,121,35.764,37,55.049,121,35.846
620,1070,2004-08-05,37,54.778,121,33.304,37,54.807,121,32.968
621,1071,2004-08-06,38,5.013,121,26.513,38,5.025,121,26.191
622,1072,2004-08-10,38,17.108,121,35.174,38,16.888,121,35.327
623,1073,2004-08-11,38,19.093,121,30.092,38,18.865,121,30.269
624,1074,2004-08-12,38,2.026,121,28.142,38,1.818,121,28.279
625,1075,2004-08-12,38,2.494,121,28.675,38,2.656,121,28.432
626,1076,2004-08-13,37,57.974,121,27.926,37,57.777,121,28.001
627,1077,2004-08-13,37,57.021,121,26.948,37,57.232,121,27.178
628,1078,2004-08-16,38,1.216,121,44.156,38,1.212,121,44.156
629,1079,2004-08-17,37,59.578,121,30.543,37,59.68,121,30.631
630,1080,2004-08-24,37,47.131,121,20.953,37,47.356,121,21.054
631,1081,2004-08-24,37,52.729,121,30.839,37,52.886,121,30.567
632,1082,2004-08-25,38,12.684,121,40.052,38,12.903,121,40.26
633,1083,2004-08-25,38,17.323,121,36.818,38,17.307,121,36.545
634,1084,2004-08-26,38,16.762,121,26.9,38,16.645,121,27.191
635,1085,2004-08-27,38,8.583,121,28.117,38,8.615,121,28.399
636,1086,2004-08-31,38,6.783,121,41.944,38,6.954,121,41.76
637,1087,2004-08-31,38,3.34,121,31.462,38,3.3,121,31.128
638,1088,2004-09-02,37,56.47,121,26.184,37,56.589,121,26.429
639,1089,2004-09-07,38,5.67,121,35.32,38,5.664,121,34.993
640,1090,2004-09-07,38,4.164,121,33.914,38,3.968,121,33.684
641,1091,2004-09-08,38,3.38,121,40.252,38,3.317,121,39.918
642,1092,2004-09-08,38,3.356,121,40.92,38,3.215,121,41.187
643,1093,2004-09-09,37,55.565,121,31.991,37,55.405,121,31.777
644,1094,2004-09-09,37,53.083,121,29.96,37,53.215,121,29.662
645,1095,2004-09-13,37,59.97,121,27.109,37,0.101,121,27.406
646,1096,2004-09-13,37,58.262,121,29.27,37,58.258,121,28.938
647,1097,2004-09-14,37,47.231,121,30.11,37,47.388,121,30.381
648,1098,2004-09-14,37,49.287,121,22.353,37,49.194,121,22.07
649,1099,2004-09-15,38,14.366,121,32.365,38,14.428,121,32.696
650,1100,2004-09-16,38,15.366,121,26.355,38,15.436,121,26.082
651,1101,2004-09-17,38,18.506,121,39.396,38,18.236,121,39.46
652,1102,2004-09-21,38,2.141,121,48.44,38,2.017,121,48.526
653,1103,2004-09-27,38,17.486,121,37.836,38,17.418,121,37.508
654,1104,2004-09-27,38,15.364,121,26.368,38,15.46,121,26.104
655,1105,2004-09-28,37,57.361,121,20.826,37,57.505,121,20.689
656,1106,2004-09-28,38,1.789,121,24.286,38,1.751,121,24.172
657,1107,2004-09-28,38,2.455,121,25.722,38,2.474,121,26.069
658,1108,2004-10-05,38,5.191,121,25.304,38,5.175,121,25.011
659,1109,2004-10-05,38,5.018,121,26.566,38,4.867,121,26.713
660,1110,2004-10-13,37,58.849,121,19.358,37,58.891,121,19.683
661,1111,2004-10-13,38,0.487,121,23.629,38,0.629,121,23.33
662,1112,2004-10-13,38,1.648,121,28.434,38,1.813,121,28.434
663,1113,2004-10-18,38,4.025,121,32.067,38,3.967,121,32.253
664,1114,2004-10-18,38,3.761,121,35.477,38,3.708,121,35.266
665,1115,2004-10-20,37,57.004,121,22.664,37,57.242,121,22.614
666,1116,2004-10-21,37,58.602,121,30.853,37,58.721,121,30.846
667,1117,2004-10-22,38,8.454,121,41.14,38,8.199,121,41.192
668,1119,2004-10-22,38,5.094,121,41.16,38,4.836,121,41.077
669,1120,2004-10-22,38,0.877,121,42.544,38,0.695,121,42.367
670,1121,2004-10-25,37,54.218,121,19.512,37,54.041,121,19.502
671,1122,2004-10-25,37,48.476,121,19.572,37,48.631,121,19.382
672,1123,2004-10-26,37,51.367,121,33.835,37,51.327,121,33.74
673,1124,2004-10-27,38,14.906,121,40.1,38,14.645,121,40.178
674,1125,2004-10-27,38,13.971,121,40.282,38,14.071,121,40.278
675,1126,2004-10-27,38,16.337,121,39.991,38,16.09,121,40.056
676,1127,2004-10-27,38,15.202,121,29.962,38,15.095,121,29.99
677,1128,2004-10-28,38,1.564,121,35.698,38,1.36,121,35.922
678,1129,2004-11-08,38,0.337,121,30.786,38,0.464,121,30.777
679,1130,2004-11-08,38,0.42,121,33.81,38,0.543,121,33.691
680,1131,2004-11-09,38,5.838,121,44.052,38,6.029,121,43.801
681,1132,2004-11-09,38,4.405,121,46.788,38,4.547,121,46.489
682,1133,2004-11-09,38,3.002,121,48.413,38,2.843,121,48.561
683,1134,2004-11-10,37,58.334,121,30.35,37,58.317,121,30.044
684,1135,2004-11-10,37,59.575,121,27.087,37,59.373,121,27.371
685,1136,2004-11-10,38,6.723,121,36.951,38,6.471,121,36.891
686,1137,2004-11-15,38,10.905,121,39.402,38,10.999,121,39.08
687,1138,2004-11-16,37,49.19,121,27.642,37,49.198,121,27.292
688,1139,2004-11-16,37,53.412,121,34.222,37,53.341,121,34.483
689,1140,2004-11-18,38,8.743,121,30.444,38,8.722,121,30.648
690,1141,2004-11-18,38,12.281,121,27.254,38,12.269,121,26.91
691,1142,2004-11-18,38,14.736,121,29.862,38,14.985,121,29.955
692,1143,2004-11-19,37,56.416,121,21.22,37,56.388,121,20.935
693,1144,2004-11-22,37,48.575,121,24.817,37,48.712,121,25.081
694,1145,2004-11-23,38,9.973,121,35.922,38,9.841,121,36.225
695,1146,2004-11-24,37,57.223,121,18.308,37,57.223,121,18.064
696,1147,2004-11-30,38,9.015,121,32.562,38,8.827,121,32.601
697,1148,2004-12-01,37,59.672,121,21.745,37,59.786,121,21.989
698,1149,2003-11-19,38,15.24,121,26.056,38,15.978,121,31.176
699,1150,2003-11-19,38,15.291,121,26.173,38,15.24,121,26.056
